order_id	name	order_value	priority	state	order_date	customer_id	ts
bddbd067-adbb-40a6-97d4-9fbb84c5806d	Place stop share.	260	MEDIUM	KY	2024-07-31	69d67af4-e339-46d9-9b7f-cc36e761a4fb	1722874980.775708
5ad2d09b-3381-42b0-be36-0417e51c45db	Test common center.	421	LOW	ID	2024-07-28	3ba9fd76-945d-4df0-a3d1-65116fc406ce	1722874980.775937
7c33e18b-3c98-4ae3-87a2-8eeed992f88d	Bag office mind.	708	MEDIUM	NM	2024-07-10	993d763b-f22f-4781-93b4-9f19839a7568	1722874980.776132
2b637623-0153-4bb4-a839-6670b0284520	Meet protect.	415	LOW	NE	2024-07-25	17b9bb7c-afd9-4e73-ac9a-4ef84a4ebf04	1722874980.77632
8d299a94-dff3-4669-b614-8f93d90b5d8c	Teach real not even.	135	HIGH	ME	2024-07-09	f080e679-0939-42c1-a1b5-e942476b4196	1722874980.776519
dc552549-8a0f-4a88-956d-946b1c073173	Clear product turn.	154	HIGH	MD	2024-07-25	dec1170d-2e15-4eb5-baee-5efdbb4f199a	1722874980.776702
9c33a867-4c91-4a33-bfab-087a2de45656	Region need side.	454	MEDIUM	MS	2024-08-02	5644f86e-b935-42d8-8ed8-3d91fa2a95a7	1722874980.776881
04b3615c-8a30-4ffb-8223-88df16fe2272	Least chair place.	630	LOW	IL	2024-07-27	7027c056-ea68-47b7-a017-7a68f1d5e52d	1722874980.777111
1fbca246-d82d-4797-8f09-6a2ced86f48e	She draw loss by.	292	LOW	NJ	2024-07-07	d69a3174-d40a-44ac-bc5f-4370cd42a338	1722874980.777307
d7c3847b-026c-4f05-b108-6a35b8fd6ed3	Chair both goal.	183	LOW	ID	2024-07-08	0ac24dd4-aed3-45cc-b2a8-5b92db4b04ef	1722874980.777485
85454f71-ad7f-4e0b-b235-152ca430a216	Claim help fast.	775	MEDIUM	CT	2024-08-02	fe22f231-f0e6-406e-8a3a-068ba9a293ff	1722874980.777657
6c854b96-898a-4c60-9b93-54808e4be5aa	Car bed claim age.	283	HIGH	NH	2024-07-12	73c56d61-bb49-4b9f-bd1f-6ec55ba4a086	1722874980.777841
e8bd6473-870a-4a64-8f0f-dee357e1001f	Kind clearly.	517	LOW	TX	2024-07-08	fe22f231-f0e6-406e-8a3a-068ba9a293ff	1722874980.77802
00f8bb6c-491d-4cf9-990b-a016c7f618b6	Bank really.	649	LOW	KS	2024-07-16	cce2fecd-1b44-4321-ada2-23d5ae8d5901	1722874980.77818
2a81e86f-7445-4005-bfa3-9d8bc5c43721	Concern light while.	348	LOW	PR	2024-07-22	44e416e4-431b-44c5-b1a0-728323662f77	1722874980.778349
2930b2c3-3f1b-4c0a-80c2-6190580e105d	Reveal in agree.	446	LOW	TX	2024-07-20	9e3775b3-b9cd-4ba5-ba61-29062e443b1b	1722874980.778519
f1469033-0b83-4ad7-980e-9600e849ee95	Ten property summer.	685	HIGH	VT	2024-07-06	c8518765-063c-4d01-88c3-ec29b5eadc5d	1722874980.778696
2c6397b1-946d-4ddf-8ab7-9d6641e1e6ee	Church spring.	415	LOW	PA	2024-07-15	0768b6fd-7126-4562-a4e1-88fbe2f7f10e	1722874980.778854
04c2f910-6708-4c60-89d2-d6628363bc96	Marriage live.	217	MEDIUM	MS	2024-07-23	f003ea56-969b-46a7-abc6-61d6d1c259a0	1722874980.779026
85b59be1-559c-4a9c-a59c-72b2f5526bf9	Million begin.	645	MEDIUM	WY	2024-07-07	55d0c264-0293-4cfa-899a-d8084435b1d9	1722874980.779185
bbdb443a-eaac-4f31-80ef-1f91412e9c3f	Field school.	451	MEDIUM	WI	2024-07-31	7430bfb5-7ec4-49ff-89e5-ce92d2129f1d	1722874980.779343
c6501c2f-cf56-4e0d-9f32-c4e119099e2c	Another we hundred.	12	LOW	UT	2024-07-22	9e3775b3-b9cd-4ba5-ba61-29062e443b1b	1722874980.77951
5a10c816-4373-43bb-a440-fb27055cc04e	Sign important.	837	MEDIUM	MO	2024-07-16	44e416e4-431b-44c5-b1a0-728323662f77	1722874980.779667
ed632835-7fd3-4d65-92b3-d4c15580d199	Job imagine every.	550	HIGH	MN	2024-07-08	c360f469-b01f-4647-a325-fd0247668ac3	1722874980.779834
4ed2d4bf-be98-4df8-94ab-4cffba797d48	Far north summer.	410	HIGH	GA	2024-07-30	7f03b96d-c761-477c-8306-483b800f4143	1722874980.780017
1ace3633-c5c2-41dc-8707-157f34bf5ffc	Reason information.	201	HIGH	PA	2024-07-19	7027c056-ea68-47b7-a017-7a68f1d5e52d	1722874980.780175
c7a69c69-a3d9-40f6-998b-31c62faa2d88	This behind leg.	541	HIGH	NM	2024-07-11	fe22f231-f0e6-406e-8a3a-068ba9a293ff	1722874980.780358
e9c0f085-9a6f-4fe9-98ad-be9a34817f17	Person article rule.	448	HIGH	RI	2024-07-16	5a3d583e-abca-4946-87b4-4429d6d741e3	1722874980.780527
e186d4dc-7704-4527-9b4d-b2811f96aa55	Fear ability.	486	MEDIUM	KS	2024-07-30	01edb15a-4fdb-4b80-9b5c-dd14d444f9d0	1722874980.780684
bc5e495c-c748-4562-b1b4-bf1de86b7c85	Half trip article.	530	LOW	AZ	2024-07-16	11bd7b22-fd07-4449-af49-a4c00714e966	1722874980.78085
a4cf3998-db70-422f-b604-9bea6715bca6	Everyone huge.	889	MEDIUM	AZ	2024-07-07	7c62a5b5-d85e-48a0-8967-75db460b648e	1722874980.781018
40bac74a-68da-4721-92af-c9a8e8730b7a	Message laugh.	330	LOW	MN	2024-07-17	993d763b-f22f-4781-93b4-9f19839a7568	1722874980.781173
09942fe5-972f-4e57-bee6-c5732b5c8a92	Music music team.	568	MEDIUM	PR	2024-07-26	7c62a5b5-d85e-48a0-8967-75db460b648e	1722874980.781342
0bb23f81-5e11-42a7-8d10-d4627c6455ff	Community measure.	250	MEDIUM	GU	2024-08-03	9de83a1e-9a33-4fe2-94b9-cd633bc2aa8b	1722874980.781501
92d012ad-68f5-4485-bdda-608a2c4f738e	During result civil.	426	HIGH	FM	2024-07-29	993d763b-f22f-4781-93b4-9f19839a7568	1722874980.781671
73e3ec29-85ce-47f1-ad17-0a649a64917f	Them sell field.	88	LOW	ME	2024-07-22	04f42b0f-fbf5-48b4-adde-1b83095917ac	1722874980.781837
5f461863-5ef3-49ae-8360-92b5c1d98b4a	Far information.	253	MEDIUM	MN	2024-07-30	1ee00b10-d7b7-4cfb-811e-fcdfcbd73f13	1722874980.782009
516100f3-c090-4f25-918c-98a07e920510	Shoulder world ask.	460	LOW	MH	2024-07-31	dd5ab66b-559e-4bb9-a206-dd91cd58683f	1722874980.782178
7cbebacb-b0c1-4ed3-8a48-60e6558c0262	Method can book.	448	HIGH	PA	2024-07-23	5a38f09d-ccfe-4a82-8dd6-1c589a187f09	1722874980.782347
ada45fd1-9c36-4f41-b037-3ea299c586fe	Born policy hotel.	330	LOW	HI	2024-07-31	5a38f09d-ccfe-4a82-8dd6-1c589a187f09	1722874980.782517
081d5cb1-e13a-437e-9254-5106db6666df	Middle despite meet.	433	HIGH	FM	2024-07-06	fbca16f0-da12-4b50-9e7a-e50538ee90ae	1722874980.782686
3b8b052d-369f-41e1-b57f-5157d969d69b	Property stuff.	384	MEDIUM	NM	2024-07-18	17b9bb7c-afd9-4e73-ac9a-4ef84a4ebf04	1722874980.782843
27b3c55e-f5b0-42da-b79c-a0fdce56e5c5	Music eat.	217	HIGH	WI	2024-07-10	993d763b-f22f-4781-93b4-9f19839a7568	1722874980.783018
d30ea4e7-eda4-4417-bc4e-6a7d0c2f45c1	Magazine want again.	707	LOW	MP	2024-08-03	fe0fe5bc-bc7a-468e-a2d6-efa709930bf1	1722874980.783189
cebf5ae6-1c80-4bf6-9b3f-0654f7fd79b0	Quite know.	766	MEDIUM	RI	2024-07-30	1ee00b10-d7b7-4cfb-811e-fcdfcbd73f13	1722874980.783346
05368c6c-d2db-41f1-bf69-ce8ba4330425	International.	476	LOW	ID	2024-07-29	6a4799c7-dbbd-44f3-8724-f0e010154c79	1722874980.783499
b9561183-2d0f-49cd-a8bc-129cdf4753b1	Voice evening wear.	960	MEDIUM	GU	2024-07-21	fe0fe5bc-bc7a-468e-a2d6-efa709930bf1	1722874980.78367
76d475a7-4a23-45e1-8df0-e72669cc6059	Scene attorney.	849	LOW	CA	2024-07-28	f4fb92c2-1259-403d-8777-678c490f5326	1722874980.783833
0f81edbb-e5ad-48a7-9837-4c88cde6384f	Cell interesting.	409	LOW	NJ	2024-08-02	d69a3174-d40a-44ac-bc5f-4370cd42a338	1722874980.784003
4a8aafc0-ef8c-4abd-802a-fdc9cd3b9ec7	Line note blue.	818	LOW	NY	2024-07-14	01edb15a-4fdb-4b80-9b5c-dd14d444f9d0	1722874980.78417
aa9938ab-8c17-4727-96b3-465e324600ca	Interest society.	241	HIGH	WA	2024-07-07	7430bfb5-7ec4-49ff-89e5-ce92d2129f1d	1722874980.784326
152e62c0-77ac-4583-bb51-7574742bdc26	Mission catch price.	614	HIGH	KS	2024-07-16	0ac24dd4-aed3-45cc-b2a8-5b92db4b04ef	1722874980.784494
5cdd521e-a113-412c-ac78-828f2561e65c	Certainly end.	631	HIGH	UT	2024-07-09	9642a188-3c82-4a8d-8de3-1dce21b3aadd	1722874980.78465
ac3ea4bc-5ed7-4e65-9846-b6cc631c9dc5	Green authority.	315	HIGH	RI	2024-08-01	0ac24dd4-aed3-45cc-b2a8-5b92db4b04ef	1722874980.784808
b7897c57-ba57-45fb-943b-e34b67b44600	Create itself.	77	LOW	WV	2024-07-24	fe22f231-f0e6-406e-8a3a-068ba9a293ff	1722874980.784974
f3e59dc4-4385-4505-9e1a-f8e3682c3767	Adult quickly.	763	HIGH	CT	2024-07-19	9ab97836-312e-4f61-8c86-4c1384e3e3e3	1722874980.785129
8a1caabe-7961-49f4-925b-51e34f9267bf	That drug always we.	145	MEDIUM	CA	2024-07-23	5644f86e-b935-42d8-8ed8-3d91fa2a95a7	1722874980.785319
d7b475b8-7248-48a7-8d5d-a64a7ca1c97e	Kind set democratic.	834	HIGH	TX	2024-07-19	7ffc96cb-02b3-4be9-8996-dda02b8b2c1c	1722874980.785488
cafc7da0-90ae-408c-ba59-0f5f837bbe26	Sign live travel.	720	LOW	TX	2024-07-11	30226f0b-091e-4cfe-9022-4c4a03188cc1	1722874980.785656
69042e5a-3e33-4305-9869-5577fa9b0ba7	Employee father.	674	LOW	FL	2024-08-03	df18b6f1-3f15-4c21-8928-919488c231fa	1722874980.785814
10fa307c-8b0d-4dff-9d8c-51c8668d8e9b	What forward.	851	HIGH	MN	2024-07-27	31d9ca4c-31c3-43ed-a365-dbc56eb7a27a	1722874980.785982
2b1d2934-664a-4a8c-9bca-811e6ebec57b	Again successful PM.	895	HIGH	SD	2024-08-04	470ab075-3c9c-4060-aa42-6b31d7f76f7c	1722874980.78615
90dc60e5-ab71-47ac-9515-29171ca6279c	Those speak.	610	HIGH	MS	2024-08-02	3b989787-fa9b-412d-9bf3-09c6db12b1fd	1722874980.786305
4c920f6f-22b3-4f1a-858e-54b31b1ad51c	Kitchen now decide.	569	HIGH	OH	2024-07-07	11bd7b22-fd07-4449-af49-a4c00714e966	1722874980.786475
48d4a8f1-d2d4-4651-b172-5da743a148df	Similar east toward.	589	HIGH	NV	2024-07-25	f4fb92c2-1259-403d-8777-678c490f5326	1722874980.78665
99cf5ff6-5032-4383-aaa1-6caa2d3ce9ce	Medical skill try.	448	MEDIUM	VA	2024-07-10	f4fb92c2-1259-403d-8777-678c490f5326	1722874980.786821
0d89c4d5-a170-400e-97e2-b5dbfa41bba2	Official most story.	17	LOW	MD	2024-07-30	7027c056-ea68-47b7-a017-7a68f1d5e52d	1722874980.787
50f00d09-93f4-4f89-80a8-cbbcecde1dc5	Organization city.	61	LOW	MP	2024-07-11	7ffc96cb-02b3-4be9-8996-dda02b8b2c1c	1722874980.787163
bb65982b-8a10-4620-beba-e1fa5f3dc275	Trouble doctor.	900	LOW	MA	2024-07-18	f080e679-0939-42c1-a1b5-e942476b4196	1722874980.787327
1f6f18bb-c1e4-4644-94b2-add911015b82	Card contain number.	169	MEDIUM	CA	2024-08-04	f4fb92c2-1259-403d-8777-678c490f5326	1722874980.787493
38563136-02f9-4898-8de4-2f8efceab9bd	Bank option.	21	MEDIUM	VA	2024-07-15	c360f469-b01f-4647-a325-fd0247668ac3	1722874980.787648
7f8d02c4-d853-4bdf-a017-9b7d11cdf767	Together truth.	125	MEDIUM	WY	2024-07-28	fe0fe5bc-bc7a-468e-a2d6-efa709930bf1	1722874980.787803
361863a0-56da-44f1-a290-79d409a41b57	Protect gas fly.	606	HIGH	RI	2024-07-21	5a3d583e-abca-4946-87b4-4429d6d741e3	1722874980.787979
a9066895-e99f-42b5-b6d8-390500abd272	Have each party.	682	HIGH	NE	2024-07-29	01edb15a-4fdb-4b80-9b5c-dd14d444f9d0	1722874980.788147
7434ef0f-2342-43b3-b9ee-a9a455870443	Loss remember.	90	LOW	MT	2024-07-13	69d67af4-e339-46d9-9b7f-cc36e761a4fb	1722874980.788302
69758ee1-a030-4983-af31-60cfe613564c	Account may parent.	698	HIGH	UT	2024-07-26	3ba9fd76-945d-4df0-a3d1-65116fc406ce	1722874980.788469
8c14b743-66f5-4c3f-ab97-a83ff59d75f9	Ok leg system order.	880	MEDIUM	LA	2024-07-09	2e641857-80fc-4e4c-92a1-0a302d19895e	1722874980.788654
5db9fa3d-15eb-4cd7-9991-723a7e212b2c	Year view sit ahead.	622	HIGH	KS	2024-07-14	0ac24dd4-aed3-45cc-b2a8-5b92db4b04ef	1722874980.788846
6f59072e-72ee-4687-8fe9-65f013306e7f	Ground what.	905	LOW	PA	2024-07-15	2e641857-80fc-4e4c-92a1-0a302d19895e	1722874980.789017
48067d65-5e00-4331-b7a6-61b75aa4e59d	People opportunity.	336	LOW	NV	2024-07-29	7f03b96d-c761-477c-8306-483b800f4143	1722874980.789175
dbef2e4e-55c7-45ff-ae18-8cf2fef6ae96	Hear focus.	320	HIGH	AZ	2024-07-21	73c56d61-bb49-4b9f-bd1f-6ec55ba4a086	1722874980.789332
eb47d11e-65c9-41de-8a3d-8e7883ba7656	Indicate share.	209	MEDIUM	MT	2024-07-21	dec1170d-2e15-4eb5-baee-5efdbb4f199a	1722874980.789487
43e607e9-5d4d-4bac-b288-cc6d1d0b867e	Weight figure.	172	HIGH	DE	2024-07-19	f003ea56-969b-46a7-abc6-61d6d1c259a0	1722874980.789644
91dbde36-1634-4f72-9592-61e1c37631ff	Then event practice.	591	HIGH	NC	2024-07-19	55d0c264-0293-4cfa-899a-d8084435b1d9	1722874980.789811
5096ccfb-5423-4e14-80ed-3423e8ae7c60	Man recent lose.	280	MEDIUM	NH	2024-07-12	7027c056-ea68-47b7-a017-7a68f1d5e52d	1722874980.789988
1e3993bc-4832-488d-bece-3c2749f821c4	Church play school.	922	LOW	IN	2024-07-15	9ab97836-312e-4f61-8c86-4c1384e3e3e3	1722874980.790156
ce7d9d79-06da-47ec-82fb-43a498055701	Chair onto hold you.	217	LOW	MI	2024-08-01	9de83a1e-9a33-4fe2-94b9-cd633bc2aa8b	1722874980.790332
03237f15-432d-4fa3-b417-911796db1f4d	However economy.	616	LOW	LA	2024-07-26	ac8f6d93-b4a2-4d5d-92d2-798626fde429	1722874980.790488
3227da64-5e14-462e-835a-e15d93efe6e0	Theory enter argue.	111	HIGH	KY	2024-07-31	fbca16f0-da12-4b50-9e7a-e50538ee90ae	1722874980.790654
f629f35a-4d7c-4db8-8917-c22cd7542fdf	Final structure it.	990	HIGH	MA	2024-07-12	9ab97836-312e-4f61-8c86-4c1384e3e3e3	1722874980.79082
129f6a21-a8d0-46cf-857c-28c61cf1d81b	Election listen.	220	HIGH	FM	2024-07-06	55d0c264-0293-4cfa-899a-d8084435b1d9	1722874980.790987
e6d460e0-80a6-436c-9645-2234bb037bce	On goal beautiful.	59	LOW	WA	2024-07-08	e20b758b-eae6-48e3-bcd2-d86f890ea258	1722874980.791157
ee847a78-b2e2-4dd2-9d4c-66544361a996	Control officer hit.	128	HIGH	SD	2024-07-22	d69a3174-d40a-44ac-bc5f-4370cd42a338	1722874980.791335
0d91f6cb-ed71-4b0a-9eb2-cf318ed46116	Respond church age.	481	LOW	AS	2024-07-12	31d9ca4c-31c3-43ed-a365-dbc56eb7a27a	1722874980.791508
d80d57b9-4be1-4d2c-b352-14597435c48f	Half former store.	516	HIGH	UT	2024-08-01	1ee00b10-d7b7-4cfb-811e-fcdfcbd73f13	1722874980.791676
830c81b1-4192-49dc-a32c-e8c5e8ee4755	Eye and experience.	251	HIGH	NY	2024-07-23	fe22f231-f0e6-406e-8a3a-068ba9a293ff	1722874980.791852
c741288f-0e52-492c-9343-728d1596066c	Everybody offer.	631	MEDIUM	KY	2024-07-26	dd5ab66b-559e-4bb9-a206-dd91cd58683f	1722874980.79202
c2ca9be3-92bb-4c44-9806-8101b6129c36	Fish support speech.	122	MEDIUM	WA	2024-07-25	2e641857-80fc-4e4c-92a1-0a302d19895e	1722874980.792188
31d43b2a-53b1-462d-992d-6ed4b64ac7f1	Pretty chance.	301	LOW	AS	2024-07-24	993d763b-f22f-4781-93b4-9f19839a7568	1722874980.792345
92e66fa6-e932-4c4c-9f62-4d108cca7a43	Mrs condition local.	463	MEDIUM	MP	2024-07-19	7f03b96d-c761-477c-8306-483b800f4143	1722874980.792514
